codice_conto,descrizione
03,IMMOBILIZZAZIONI IMMATERIALI
03.01,COSTI D'IMPIANTO E DI AMPLIAMENTO
03.03,BENI IMMATERIALI
03.05,SPESE PLURIENNALI
05,IMMOBILIZZAZIONI MATERIALI
05.01,TERRENI E FABBRICATI
05.03,IMPIANTI E MACCHINARI
05.05,ATTREZZATURE INDUSTRIALI E COMMERCIALI
05.07,ALTRE IMMOBILIZZAZIONI MATERIALI
11,CREDITI COMMERCIALI
11.01,FATTURE/NOTE CREDITO DA EMETTERE
11.03,CLIENTI
11.13,PARTITE ATTIVE DA LIQUIDARE
15,CREDITI VARI
15.01,ANTICIPI A FORNITORI
15.05,CREDITI VARI V/TERZI
15.07,CREDITI VERSO IL PERSONALE
15.09,CREDITI VERSO ENTI PREVIDENZIALI
19,DISPONIBILITA' LIQUIDE
19.01,BANCHE C/C E POSTA C/C
19.03,CASSA
19.90,TRANSITO POS
21,RATEI E RISCONTI ATTIVI
21.01,RATEI E RISCONTI ATTIVI
23,CAPITALE E RISERVE
23.01,CAPITALE E RISERVE
23.01.01,Capitale sociale
23.01.05,Riserva legale
25,RISULTATI DELL'ESERCIZIO
25.01,RISULTATI PORTATI A NUOVO
25.01.01,Utile portato a nuovo
25.03,RISULTATO D'ESERCIZIO
29,FONDO TFR
29.01,FONDO TFR
31,FINANZIAMENTI DI TERZI
31.03,MUTUI E FINANZIAMENTI
33,DEBITI COMMERCIALI
33.01,FATTURE/NOTE CREDITO DA RICEVERE
33.03,FORNITORI
33.13,PARTITE PASSIVE DA LIQUIDARE
35,CONTI ERARIALI
35.01,ERARIO C/IVA
35.03,ERARIO C/SOSTITUTO D'IMPOSTA
35.05,ERARIO C/RIT. SUBITE E CREDITI D'IMPOSTA
35.07,ERARIO C/IMPOSTE
37,ENTI PREVIDENZIALI
37.01,ENTI PREVIDENZIALI
39,ALTRI DEBITI
39.01,ANTICIPI DA CLIENTI
39.05,DEBITI VARI
39.07,DEBITI VERSO IL PERSONALE
39.09,COMPETENZE SOCI
41,FONDI AMMORTAMENTO IMMOBILIZZAZIONI
41.03,FONDI AMMORTAMENTO FABBRICATI
41.05,FONDI AMMORTAMENTO IMPIANTI E MACCHINARI
41.07,FONDI AMMORT.ATTREZZ.INDUSTR.E COMMERC.
41.09,FONDI AMMORTAMENTO ALTRI BENI MATERIALI
45,RATEI E RISCONTI PASSIVI
45.01,RATEI E RISCONTI PASSIVI
47,RICAVI DELLE VENDITE E DELLE PRESTAZIONI
47.13,VARIAZIONI PASSIVE SU VENDITE
47.91,Ricavi Hotel
47.91.07,Ricavi F&B
47.92,Ricavi Residence
47.93,Ricavi CVM
47.94,Ricavi spiaggia
47.95,Ricavi per affitti
53,ALTRI RICAVI E PROVENTI
53.01,PROVENTI DIVERSI
53.01.51,Altri ricavi e proventi
55,ACQUISTI DI BENI
55.01,ACQ. PER PRODUZ.DI BENI E PER RIVENDITA
55.03,ACQUISTI PER LA PRODUZIONE DI SERVIZI
55.07,ACQUISTI DIVERSI
55.07.01,"Acquisto beni strumentali inf.516,46"
55.07.98,"Allestimento (piante, fiori ecc)"
57,ACQUISTI DI SERVIZI
57.01,SERVIZI PER LA PRODUZIONE
57.01.51,Altri servizi per la produzione
57.01.90,Software e servizi Web
57.05,COSTI ACCESSORI PER ACQUISTI
57.05.01,Trasporti su acquisti
57.09,COSTI PER UTENZE
57.09.01,Spese telefoniche ordinarie
57.09.13,Energia elettrica
57.09.91,Costi gestione reti interne
57.11,MANUTENZIONI MACCHINARI E ATTREZZATURE
57.11.07,Altre spese manutenzione beni propri
57.13,MANUTENZIONE FABBRICATI
57.13.01,Spese manutenzione fabbricati
59,GESTIONE VEICOLI AZIENDALI
59.03,ESERCIZIO AUTOVETTURE E ALTRI VEICOLI
59.03.90,Spese gestione veicoli aziendali
61,PRESTAZIONI DI LAVORO NON DIPENDENTE
61.01,PRESTAZIONI DI LAVORO AUTONOMO
61.01.01,Consulenze amministrative e fiscali
61.03,ALTRE PRESTAZIONI DI LAVORO
63,"SPESE AMMIN.,COMM. E DI RAPPRESENTANZA"
63.01,SPESE COMMERCIALI E DI VIAGGIO
63.01.09,Spese per alberghi e ristoranti
63.01.15,Pedaggi autostradali veicoli
63.01.92,COMMISSIONI
63.01.94,Marketing e Pubblicità
63.05,SPESE AMMINISTRATIVE E GENERALI
63.05.98,Premi di assicurazioni obbligatorie
65,COSTI PER GODIMENTO BENI DI TERZI
65.01,GESTIONE IMMOBILI
65.01.05,Canoni locazione immobili
65.01.07,Spese condominiali e varie immobili di t
65.03,LOCAZ. E CANONI AUTOV. E ALTRI VEICOLI
65.03.05,Canoni/spese access.nolegg.veicoli
65.05,LOCAZIONI E CANONI IMPIANTI E ATTREZZ.
65.07,CANONI E LICENZE SOFTWARE
65.11,ALTRI COSTI GODIMENTO BENI DI TERZI
65.90,SOFTWARE E SERVIZI WEB
67,COSTI PERSONALE DIPENDENTE
67.01,COSTI PERSONALE DIPENDENTE
67.01.01,Retribuzioni lorde
67.01.03,Contributi INPS
67.01.05,Oneri sociali fiscalizzati
67.03,COSTI DIVERSI PERSONALE DIPENDENTE
67.03.03,Indenn.trasf.e altri rimb.spese dipend.
71,ONERI DIVERSI DI GESTIONE
71.01,ONERI TRIBUTARI
71.03,ALTRI COSTI DI ESERCIZIO
71.03.07,Contributi associativi
75,ONERI FINANZIARI
75.01,ONERI FINANZIARI VERSO BANCHE
75.03,ONERI FINANZIARI DIVERSI
75.90,Commissioni su transato POS
89,CONTI DI CHIUSURA E RIAPERTURA
89.01,STATO PATRIMONIALE INIZIALE
89.11,RIPRESA SALDI
