codice_fornitore,nome_esolver,nome_pf,voce_id,is_intercompany,is_excluded,exclude_reason,societa_id
1,LE CROISSANT SRL,Le Croissant srl,USCITE_MATERIE_PRIME,False,False,,ORTI
4,Giacinto Di Palma,Giacinto Di Palma,USCITE_MATERIE_PRIME,False,False,,ORTI
6,BIANCO BUFALA SRL,Bianco Bufala,USCITE_MATERIE_PRIME,False,False,,ORTI
10,SISTEMI SOLUZIONI INFORMATICHE E TELEMATICHE S.P,Sistemi (E_solver),USCITE_SERVIZI_PRODUZIONE,False,False,,ORTI
12,PROXIMA SERVICE S.R.L.,Proxima Service,USCITE_SERVIZI_PRODUZIONE,False,False,,ORTI
14,C&C S.p.A.,,USCITE_MATERIE_PRIME,False,False,,ORTI
18,AUSINO - S.P.A. SERVIZI IDRICI INTEGRATI,Acqua - Ausino,USCITE_UTENZE,False,False,,ORTI
19,AMAZON EU S.A R.L.,,USCITE_MATERIE_PRIME,False,False,,ORTI
30,4G ENERGIA SRL,Energia elettrica,USCITE_UTENZE,False,False,,ORTI
32,DITTA APICELLA,Ditta Apicella,USCITE_MATERIE_PRIME,False,False,,ORTI
41,Giordano Associati S.r.l Socio Unico,Consulenza legale,USCITE_CONSULENZE,False,False,,ORTI
64,PARAVIA ELEVATORS SRL,,USCITE_MATERIE_PRIME,False,False,,ORTI
71,VICART S.R.L.,Vicart,USCITE_MATERIE_PRIME,False,False,,ORTI
74,BELLAGAIA S.R.L.,Bellagaia,USCITE_MATERIE_PRIME,False,False,,ORTI
76,SOFT TECNOLOGY SRL,Soft tecnology,USCITE_SERVIZI_PRODUZIONE,False,False,,ORTI
80,PISACANE RAFFAELE,,USCITE_MATERIE_PRIME,False,False,,ORTI
81,PLAN ITALIA S.R.L.,,USCITE_SERVIZI_PRODUZIONE,False,False,,ORTI
83,SANTELIA ANTONIO,Santelia,USCITE_MATERIE_PRIME,False,False,,ORTI
92,AMALFI SEI ESSE S.R.L.,Amalfi sei esse,USCITE_MATERIE_PRIME,False,False,,ORTI
104,PAOLILLO ALDO,,USCITE_MATERIE_PRIME,False,False,,ORTI
128,TECNO PISCINE S.R.L.,Tecno Piscine,USCITE_MATERIE_PRIME,False,False,,ORTI
133,FABBROCINO MICHELE S.R.L.,Fabbrocino Michele,USCITE_MATERIE_PRIME,False,False,,ORTI
145,HOTELSERVICE S.R.L.,Hotel Service,USCITE_MATERIE_PRIME,False,False,,ORTI
146,NINNI S.R.L.,Ninni,USCITE_MATERIE_PRIME,False,False,,ORTI
147,AMATO FILIPPO,Amato Prisco Pane,USCITE_MATERIE_PRIME,False,False,,ORTI
158,GALLO GIOVANNI & C. SNC,Gallo Giovanni,USCITE_MATERIE_PRIME,False,False,,ORTI
161,DI SARNO COFFEE SERVICE DI TERMINIELLO ROSA,Di Sarno Coffee,USCITE_MATERIE_PRIME,False,False,,ORTI
186,L'EUROPEA - ORGANIZZAZIONE NAZIONALE SRL,L'Europea,USCITE_MATERIE_PRIME,False,False,,ORTI
264,PANORAMA COMPANY S.R.L.,Fitto Ramo d' Azienda,USCITE_CANONE_PASSIVO,True,False,,ORTI
315,CENTRO SERVICE SNC DI VOCCIA MASSIMO & ANTONIO,Centro service Snc,USCITE_MATERIE_PRIME,False,False,,ORTI
412,Alberto D Urso S.a.s. di Tecla Apicella,Alberto D'Urso,USCITE_MATERIE_PRIME,False,False,,ORTI
414,NEXI PAYMENTS S.p.A.,,USCITE_COMMISSIONI,False,False,,ORTI
417,CIMINI FILOMENA,Cimmini Filomena,USCITE_MATERIE_PRIME,False,False,,ORTI
423,CICA SRL,Cica,USCITE_MATERIE_PRIME,False,False,,ORTI
498,AP COMMERCIALE S.R.L.,,USCITE_MATERIE_PRIME,False,False,,ORTI
667,ATTIANESE ALFONSO S.A.S. DI ATTIANESE ALFONSO E C.,Attianese Frutta e Verdura,USCITE_MATERIE_PRIME,False,False,,ORTI
745,AFFINITO SRL,,USCITE_MATERIE_PRIME,False,False,,ORTI
864,CAPUANO RAFFAELE,Capuano Raffaele,USCITE_MATERIE_PRIME,False,False,,ORTI
948,HOXELL SA,Hoxell,USCITE_SERVIZI_PRODUZIONE,False,False,,ORTI
985,ALBERGO SANTA CHIARA,,USCITE_MATERIE_PRIME,False,False,,ORTI
1003,DITTA PANSA DI G.PANSA E FIGLIO A. PANSA SAS,Ditta Pansa,USCITE_MATERIE_PRIME,False,False,,ORTI
1008,MIELE GIUSEPPE E FIGLI SPA,,USCITE_MATERIE_PRIME,False,False,,ORTI
1035,IDRO-TOP S.R.L.,,USCITE_MATERIE_PRIME,False,False,,ORTI
1076,ALD Automotive Italia S.r.l.,Noleggio Tesla,USCITE_SERVIZI_PRODUZIONE,False,False,,ORTI
1104,I.C.P. INGROSSO CHIMICA PEPE S.R.L.,I.C.P srl,USCITE_MATERIE_PRIME,False,False,,ORTI
1168,Gest. D.M.F. Srl,,USCITE_MATERIE_PRIME,False,False,,ORTI
1184,Italy Green Power S.p.A.,Energia elettrica,USCITE_UTENZE,False,False,,ORTI
1230,Salsano Tiziano,Salzano Tiziano,USCITE_MATERIE_PRIME,False,False,,ORTI
1233,LE SETTE SORELLE SOCIETA' A RESPONSABILITA' LIMITATA SEMPL,,USCITE_MATERIE_PRIME,False,False,,ORTI
1270,BESTRANK SOCIETA' A RESPONSABILITA' LIMITATA,,USCITE_SERVIZI_PRODUZIONE,False,False,,ORTI
1276,ALBA LEASING S.P.A.,Alba Leasing S.P.A.,USCITE_SERVIZI_PRODUZIONE,False,False,,ORTI
1438,ROMANO CIRO S.R.L.,Romano Ciro,USCITE_MATERIE_PRIME,False,False,,ORTI
1543,REIDOS S.R.L.,Reidos srl,USCITE_MATERIE_PRIME,False,False,,ORTI
1549,TEAMWORK S.R.L.,Team Work,USCITE_CONSULENZE,False,False,,ORTI
1557,HAPPY CASA STORE S.R.L.,,USCITE_MATERIE_PRIME,False,False,,ORTI
1565,PEPE MASTRO DOLCIERE S.R.L.,Pepe Mastro dolciario,USCITE_MATERIE_PRIME,False,False,,ORTI
1589,ALNUMAR DI GAROFALO MASSIMILIANO,,USCITE_MATERIE_PRIME,False,False,,ORTI
1595,Dr. Vranjes Firenze S.p.A.,,USCITE_MATERIE_PRIME,False,False,,ORTI
1597,EXORH DI CHIESA PAOLA,,USCITE_MATERIE_PRIME,False,False,,ORTI
1598,KING CATERING S.R.L.,,USCITE_MATERIE_PRIME,False,False,,ORTI
1602,SOCIETA' INGROSSO TELEVISORI ELETTRODOMESTICI AFFINI S.R.L.,,USCITE_MATERIE_PRIME,False,False,,ORTI
1603,RISALITI SRL,,USCITE_MATERIE_PRIME,False,False,,ORTI
1604,HOSTERIA S.R.L.S.,,USCITE_MATERIE_PRIME,False,False,,ORTI
1605,VERGATO LUCIANO,,USCITE_MATERIE_PRIME,False,False,,ORTI
801,A. MIGLIORE S.R.L.,,USCITE_VARIE_EXT,False,False,,ORTI
1080,AUTOSTRADE PER L'ITALIA S.P.A.,,USCITE_VARIE_EXT,False,False,,ORTI
795,DEL RISPARMIO,,USCITE_VARIE_EXT,False,False,,ORTI
1625,EDILIZIA ED,,USCITE_VARIE_EXT,False,False,,ORTI
127,FEIO S.R.L.,,USCITE_VARIE_EXT,False,False,,ORTI
647,H & M HENNES & MAURITZ S.R.L.,,USCITE_VARIE_EXT,False,False,,ORTI
1091,HOSPITALITY PROJECT SRL,Hospitality Project,USCITE_CONSULENZE,False,False,,ORTI
1629,Mana srls,,USCITE_VARIE_EXT,False,False,,ORTI
1627,PEPPINO RISTORAZIONE S.R.L.,,USCITE_MATERIE_PRIME,False,False,,ORTI
137,PRIMAVERA SERVIZI S.R.L.,Primavera Servizi Srl,USCITE_SERVIZI_PRODUZIONE,False,False,,ORTI
5,SALTUR SRL,,USCITE_VARIE_EXT,False,False,,ORTI
15,Altamira Srl,Altamira,USCITE_SERVIZI_PRODUZIONE,False,False,,ORTI
16,SOFTWARE STUDIO S.R.L.,Software Studio,USCITE_SERVIZI_PRODUZIONE,False,False,,ORTI
44,VODAFONE ITALIA S.p.A.,Vodafone,USCITE_UTENZE,False,False,,ORTI
48,B. & G. DI PALO DISTRIBUZIONE,B&G Di Palo,USCITE_MATERIE_PRIME,False,False,,ORTI
52,Aruba S.p.A.,Aruba,USCITE_SERVIZI_PRODUZIONE,False,False,,ORTI
73,DELLA PIETRA STEFANO,,USCITE_CANONE_PASSIVO,False,False,,ORTI
79,PASTICCERIA TRIESTE - S.A.S.,Pasticceria Trieste,USCITE_MATERIE_PRIME,False,False,,ORTI
85,TECNO CAMPANIA SRL,Tecno Campania,USCITE_MATERIE_PRIME,False,False,,ORTI
91,SPIAGGE SRL,Spiagge,USCITE_SERVIZI_PRODUZIONE,False,False,,ORTI
142,GENERAL BEVERAGE S.R.L.,,USCITE_MATERIE_PRIME,False,False,,ORTI
208,CASA VINICOLA ETTORE SAMMARCO,Casa Vinicola Sammarco,USCITE_MATERIE_PRIME,False,False,,ORTI
211,VULAJ,Vulaj (Ceramica),USCITE_MATERIE_PRIME,False,False,,ORTI
236,RISTORANTE GIARDINIELLO SRL,Giardiniello,USCITE_MATERIE_PRIME,False,False,,ORTI
266,B & T S.p.A. Azionista Unico,,USCITE_VARIE_EXT,False,False,,ORTI
325,ALFERA S.R.L.,,USCITE_VARIE_EXT,False,False,,ORTI
499,Foraggio S.r.l.,Foraggio Srl,USCITE_MATERIE_PRIME,False,False,,ORTI
596,BABBI SRL,,USCITE_MATERIE_PRIME,False,False,,ORTI
649,Guariniello,,USCITE_VARIE_EXT,False,False,,ORTI
716,CERAMICA D'ARTE SICIGNANO SRL,,USCITE_VARIE_EXT,False,False,,ORTI
723,CO.I.RE.S SRL,CoIrEs SRL,USCITE_MATERIE_PRIME,False,False,,ORTI
734,LEONE S.R.L.,,USCITE_VARIE_EXT,False,False,,ORTI
777,ACCONCIANGIOCO & MANADRA SNC,,USCITE_VARIE_EXT,False,False,,ORTI
779,FORNITORE ANTE 2024,,USCITE_VARIE_EXT,False,False,,ORTI
781,COMUNE DI MAIORI,,USCITE_TASSE,False,False,,ORTI
782,DELLA PIETRA ANNAMARIA,,USCITE_CANONE_PASSIVO,False,False,,ORTI
783,DELLA PIERTA PAOLA,,USCITE_CANONE_PASSIVO,False,False,,ORTI
796,RAIA,,USCITE_VARIE_EXT,False,False,,ORTI
863,SALA,,USCITE_VARIE_EXT,False,False,,ORTI
963,CSW Engineering s.r.l,,USCITE_VARIE_EXT,False,False,,ORTI
994,InfoCamere S.C.p.A.,,USCITE_SERVIZI_PRODUZIONE,False,False,,ORTI
1027,CAFARELLI MASSIMILIANO,,USCITE_VARIE_EXT,False,False,,ORTI
1033,EURO GROUP NETWORK S.R.L.,EURO GROUP NETWORK S.R.L.,USCITE_MATERIE_PRIME,False,False,,ORTI
1034,ORIL SRL,,USCITE_VARIE_EXT,False,False,,ORTI
1048,MEDITERRANEO SNC DI TRAMONTANO,Mediterraneo,USCITE_MATERIE_PRIME,False,False,,ORTI
1054,O.V.I.T. SRL,,USCITE_VARIE_EXT,False,False,,ORTI
1069,TOPWHITE DI DANIELE RAVELLI,,USCITE_MATERIE_PRIME,False,False,,ORTI
1214,VDA GROUP S.p.A. a socio unico,,USCITE_SERVIZI_PRODUZIONE,False,False,,ORTI
1426,RASTELLI ANTONIA,Rastrelli Antonia,USCITE_MATERIE_PRIME,False,False,,ORTI
1546,Geologo Antonio Apicella,Geologo Antonio Apicella,USCITE_CONSULENZE,False,False,,ORTI
1576,A.M.C.N. COSTRUZIONI SRL,,USCITE_VARIE_EXT,False,False,,ORTI
1592,FASTWEB SPA,Fastweb,USCITE_UTENZE,False,False,,ORTI
1606,NUOVA SIDAP S.R.L.,,USCITE_VARIE_EXT,False,False,,ORTI
1607,LAUDATO GRU DI LAUDATO,,USCITE_VARIE_EXT,False,False,,ORTI
123,PREGIS S.P.A.,PREGIS S.P.A.,USCITE_VARIE_EXT,False,False,,ORTI
1638,CENTRO MODA S.R.L.,CENTRO MODA S.R.L.,USCITE_VARIE_EXT,False,False,,ORTI
131,Amalfiweb S.r.l.s.,Amalfiweb S.r.l.s.,USCITE_SERVIZI_PRODUZIONE,False,False,,ORTI
1697,MARR SPA,MARR SPA,USCITE_MATERIE_PRIME,False,False,,ORTI
132,STUDIO QUATTRO S.R.L.,STUDIO QUATTRO S.R.L.,USCITE_CONSULENZE,False,False,,ORTI
1306,VITAGLIANO MAURIZIO,VITAGLIANO MAURIZIO,USCITE_CONSULENZE,False,False,,ORTI
109,MEDIAMARKET S.P.A. CON SOCIO UNICO,MEDIAMARKET S.P.A. CON SOCIO UNICO,USCITE_VARIE_EXT,False,False,,ORTI
1646,DIECI S.R.L.S.,DIECI S.R.L.S.,USCITE_VARIE_EXT,False,False,,ORTI
1183,ADRA S.R.L.,ADRA S.R.L.,USCITE_VARIE_EXT,False,False,,ORTI
1626,ROSANTO S.R.L.,ROSANTO S.R.L.,USCITE_VARIE_EXT,False,False,,ORTI
1036,Re Denari di Marco Oliva & C. Sas,Re Denari di Marco Oliva & C. Sas,USCITE_VARIE_EXT,False,False,,ORTI
138,SAL DE RISO COSTA D AMALFI S.R.L.,SAL DE RISO COSTA D AMALFI S.R.L.,USCITE_MATERIE_PRIME,False,False,,ORTI
744,Nola Ferramenta Srl,Nola Ferramenta Srl,USCITE_VARIE_EXT,False,False,,ORTI
1078,Intesa Sanpaolo S.p.a,Intesa Sanpaolo S.p.a,USCITE_SERVIZI_PRODUZIONE,False,False,,ORTI
170,Leroy Merlin Italia srl,Leroy Merlin Italia srl,USCITE_VARIE_EXT,False,False,,ORTI
179,FERRIGNO MARIA C S N C,FERRIGNO MARIA C S N C,USCITE_VARIE_EXT,False,False,,ORTI
70,MAGALDI LIFE SRL SOC. UNIP.,MAGALDI LIFE SRL SOC. UNIP.,USCITE_VARIE_EXT,False,False,,ORTI
1674,SCANNAPIECO IMPIANTI SRL,SCANNAPIECO IMPIANTI SRL,USCITE_SERVIZI_PRODUZIONE,False,False,,ORTI
1647,HAIR GALLERY EUROPE SRL,HAIR GALLERY EUROPE SRL,USCITE_VARIE_EXT,False,False,,ORTI
1699,ACQUAVERDE SRL,ACQUAVERDE SRL,USCITE_MATERIE_PRIME,False,False,,ORTI
1696,READYPRINT DI PIPITONE BRUNO,READYPRINT DI PIPITONE BRUNO,USCITE_VARIE_EXT,False,False,,ORTI
654,GOOGLE CLOUD ITALY S.R.L.,GOOGLE CLOUD ITALY S.R.L.,USCITE_SERVIZI_PRODUZIONE,False,False,,ORTI
1693,JoAnne Dunn Photographers,JoAnne Dunn Photographers,USCITE_CONSULENZE,False,False,,ORTI
264,PANORAMA COMPANY S.R.L.,PANORAMA COMPANY S.R.L.,,False,True,intercompany,INTUR
779,FORNITORE ANTE 2024,FORNITORE ANTE 2024,USCITE_VARIE_EXT,False,False,HPAN25PIANO1,INTUR
716,CERAMICA D'ARTE SICIGNANO SRL,CERAMICA D'ARTE SICIGNANO SRL,USCITE_VARIE_EXT,False,False,HPAN25PIANO1,INTUR
85,TECNO CAMPANIA SRL,TECNO CAMPANIA SRL,,False,True,una_tantum,INTUR
863,SALA GIANPIERO,SALA GIANPIERO,USCITE_VARIE_EXT,False,False,HPAN25PIANO1,INTUR
781,COMUNE DI MAIORI,COMUNE DI MAIORI,USCITE_TASSE,False,False,,INTUR
777,ACCONCIANGIOCO & MANADRA SNC,ACCONCIANGIOCO & MANADRA SNC,USCITE_VARIE_EXT,False,False,,INTUR
1269,MARIGLIANO SALVATORE,MARIGLIANO SALVATORE,USCITE_VARIE_EXT,False,False,HPAN25PIANO1,INTUR
1672,OMBRELLONI LETTINI ITALIA S.R.L.,OMBRELLONI LETTINI ITALIA S.R.L.,USCITE_VARIE_EXT,False,False,HPAN25PIANO1,INTUR
1592,FASTWEB SPA,FASTWEB SPA,USCITE_UTENZE,False,False,,INTUR
73,DELLA PIETRA STEFANO,DELLA PIETRA STEFANO,USCITE_SALARI,False,False,,INTUR
1214,VDA GROUP S.p.A. a socio unico,VDA GROUP S.p.A. a socio unico,USCITE_VARIE_EXT,False,False,HPAN25PIANO1,INTUR
783,DELLA PIERTA PAOLA,DELLA PIERTA PAOLA,USCITE_CANONE_PASSIVO,False,False,,INTUR
782,DELLA PIETRA ANNAMARIA,DELLA PIETRA ANNAMARIA,USCITE_CANONE_PASSIVO,False,False,,INTUR
1662,Indel B Spa,Indel B Spa,USCITE_VARIE_EXT,False,False,HPAN25PIANO1,INTUR
1642,C. & G. ATTIANESE s.r.l.,C. & G. ATTIANESE s.r.l.,USCITE_VARIE_EXT,False,False,,INTUR
18,AUSINO - S.P.A. SERVIZI IDRICI INTEGRATI,Ausino - rateizzo,USCITE_VARIE_EXT,False,False,HPAN25PIANO1,INTUR
649,Guariniello Lorenzo,Guariniello Lorenzo,USCITE_CONSULENZE,False,False,,INTUR
41,Giordano Associati S.r.l Socio Unico,Giordano Associati S.r.l Socio Unico,USCITE_CONSULENZE,False,False,,INTUR
723,CO.I.RE.S SRL,CoIrEs SRL,USCITE_MATERIE_PRIME,False,False,,INTUR
1607,LAUDATO GRU DI LAUDATO FRANCESCO,LAUDATO GRU DI LAUDATO FRANCESCO,USCITE_VARIE_EXT,False,False,HPAN25PIANO1,INTUR
1008,MIELE GIUSEPPE E FIGLI SPA,MIELE GIUSEPPE E FIGLI SPA,USCITE_VARIE_EXT,False,False,HPAN25PIANO1,INTUR
1546,Geologo Antonio Apicella,Geologo Antonio Apicella,USCITE_VARIE_EXT,False,False,HPAN25PIANO1,INTUR
1639,MARINO LUIGI GIUSEPPE,MARINO LUIGI GIUSEPPE,USCITE_VARIE_EXT,False,False,HPAN25PIANO1,INTUR
16,SOFTWARE STUDIO S.R.L.,SOFTWARE STUDIO S.R.L.,USCITE_SERVIZI_PRODUZIONE,False,False,,INTUR
1069,TOPWHITE DI DANIELE RAVELLI,TOPWHITE DI DANIELE RAVELLI,USCITE_SERVIZI_PRODUZIONE,False,False,,INTUR
30,4G ENERGIA SRL,4G ENERGIA SRL,USCITE_UTENZE,False,False,,INTUR
92,AMALFI SEI ESSE S.R.L.,AMALFI SEI ESSE S.R.L.,USCITE_MATERIE_PRIME,False,False,,INTUR
412,Alberto D Urso S.a.s. di Tecla Apicella,Alberto D Urso S.a.s. di Tecla Apicella,USCITE_VARIE_EXT,False,False,,INTUR
208,CASA VINICOLA ETTORE SAMMARCO - S.N.C.,Casa Vinicola Sammarco,USCITE_MATERIE_PRIME,False,False,,INTUR
963,CSW Engineering s.r.l,CSW Engineering s.r.l,USCITE_CONSULENZE,False,False,,INTUR
734,LEONE S.R.L.,LEONE S.R.L.,USCITE_VARIE_EXT,False,False,,INTUR
325,ALFERA S.R.L.,ALFERA S.R.L.,USCITE_MATERIE_PRIME,False,False,,INTUR
596,BABBI SRL,BABBI SRL,USCITE_MATERIE_PRIME,False,False,,INTUR
64,PARAVIA ELEVATORS SRL,PARAVIA ELEVATORS SRL,USCITE_VARIE_EXT,False,False,HPAN25PIANO1,INTUR
1054,O.V.I.T. SRL,O.V.I.T. SRL,USCITE_VARIE_EXT,False,False,,INTUR
158,GALLO GIOVANNI & C. SNC,GALLO GIOVANNI & C. SNC,USCITE_MATERIE_PRIME,False,False,,INTUR
44,VODAFONE ITALIA S.p.A.,Vodafone (da ribaltare),USCITE_UTENZE,False,False,,INTUR
15,Altamira Srl,Altamira Srl,USCITE_SERVIZI_PRODUZIONE,False,False,,INTUR
236,RISTORANTE GIARDINIELLO SRL,RISTORANTE GIARDINIELLO SRL,,False,True,una_tantum,INTUR
48,B. & G. DI PALO DISTRIBUZIONE ALIMENTARE S.R.L.,B&G Di Palo,USCITE_UTENZE,False,False,,INTUR
853,Banca Sella S.p.A.,Banca sella - canone e-commerce RID,USCITE_COMMISSIONI,False,False,,INTUR
1034,ORIL SRL,ORIL SRL,USCITE_VARIE_EXT,False,False,HPAN25PIANO1,INTUR
796,RAIA LIBERATO,RAIA LIBERATO,,False,True,una_tantum,INTUR
1035,IDRO-TOP S.R.L.,IDRO-TOP SRL,USCITE_MATERIE_PRIME,False,False,,INTUR
142,GENERAL BEVERAGE S.R.L.,GENERAL BEVERAGE S.R.L.,USCITE_MATERIE_PRIME,False,False,,INTUR
1048,MEDITERRANEO SNC DI TRAMONTANO,MEDITERRANEO SNC DI TRAMONTANO,,False,True,una_tantum,INTUR
1426,RASTELLI ANTONIA,Rastrelli Antonia,USCITE_MATERIE_PRIME,False,False,,INTUR
211,VULAJ PASQUALE,Vulaj (Ceramica),USCITE_MATERIE_PRIME,False,False,,INTUR
146,NINNI S.R.L.,NINNI S.R.L.,USCITE_VARIE_EXT,False,False,HPAN25PIANO1,INTUR
1033,EURO GROUP NETWORK S.R.L.,EURO GROUP NETWORK S.R.L.,,False,True,una_tantum,INTUR
1027,CAFARELLI MASSIMILIANO,CAFARELLI MASSIMILIANO,USCITE_CONSULENZE,False,False,,INTUR
79,PASTICCERIA TRIESTE - S.A.S. DI DE RISO ANNA E C.,PASTICCERIA TRIESTE - S.A.S. DI DE RISO ANNA E C.,USCITE_MATERIE_PRIME,False,False,,INTUR
499,Foraggio S.r.l.,Foraggio Srl,USCITE_MATERIE_PRIME,False,False,,INTUR
52,Aruba S.p.A.,Aruba S.p.A.,USCITE_SERVIZI_PRODUZIONE,False,False,,INTUR
315,CENTRO SERVICE SNC DI VOCCIA MASSIMO & ANTONIO,CENTRO SERVICE SNC DI VOCCIA MASSIMO & ANTONIO,USCITE_SERVIZI_PRODUZIONE,False,False,,INTUR
5,SALTUR SRL,SALTUR SRL,USCITE_VARIE_EXT,False,False,,INTUR
369,CREATIVE IDEA S.N.C. DI DE MARTINO DIODATO & C.,Creative Idea Snc,USCITE_MATERIE_PRIME,False,False,,INTUR
497,Locali d Autore SRL,Locali d'autore,USCITE_MATERIE_PRIME,False,False,,INTUR
137,PRIMAVERA SERVIZI S.R.L.,Primavera Servizi Srl,USCITE_MATERIE_PRIME,False,False,,INTUR
993,ALDEN SRL SOCIETA TRA PROFESSIONISTI,ALDEN,USCITE_CONSULENZE,False,False,,INTUR
678,PUNZI PIERLUIGI,Revisore - Punzi,USCITE_CONSULENZE,False,False,,INTUR
1031,Travaglini Armando,Cons. Marketing - Travaglini Armando,USCITE_CONSULENZE,False,False,,INTUR
331,PIN APP EVO SRL,Pin App,USCITE_SERVIZI_PRODUZIONE,False,False,,INTUR
131,Amalfiweb S.r.l.s.,Amalfi Web,USCITE_SERVIZI_PRODUZIONE,False,False,,INTUR
91,SPIAGGE SRL,Spiagge,USCITE_SERVIZI_PRODUZIONE,False,False,,INTUR
