indirizzo,tipo_indirizzo,persona,generazione,ruolo
stedepi@gmail.com,EMAIL,Stefano Della Pietra sr,2,Socio Intur; amministratore e legale rappresentante Intur srl dal 2021
stefanojunior.dellapietra@mpspec.it,PEC,Stefano Della Pietra jr,3,CEO Panorama Group
ste.dellapietra@gmail.com,EMAIL,Stefano Della Pietra jr,3,CEO Panorama Group
marco.dellapietra@legalmail.it,PEC,Marco Della Pietra,3,Fratello di Stefano jr
marcodellapietra.m@mail.com,EMAIL,Marco Della Pietra,3,Fratello di Stefano jr
g.dellapietra@gmail.com,EMAIL,Giuseppe Della Pietra,3,Fratello di Stefano jr
paoladellapietra@pec.it,PEC,Paola Della Pietra,2,Amministratrice Intur sas fino al 2021; socia receduta il 2021-05-06; quota liquidata il 2025-01-03
paoladellapietra@gmail.com,EMAIL,Paola Della Pietra,2,Amministratrice Intur sas fino al 2021; socia receduta il 2021-05-06; quota liquidata il 2025-01-03
annamariadellapietra@pec.it,PEC,Annamaria Della Pietra,2,Socia receduta il 2021-05-06; giudizio estinto il 2024-10-23 (RG 4545/24)
